RNA,RMSD,MCQ,TM-score
CG_RMSD_rp05,1.0,0.1726759486436155,-0.7348776682241991
CG_RMSD_rp03,1.0,0.21747420289965283,-0.7765133422945674
CG_RMSD_rp04,1.0,0.31659461309784787,-0.86857539010442
