RNA,RMSD,MCQ,TM-score
CG_RMSD_rp05,1.0,0.4193782522406138,-0.9208096477664549
CG_RMSD_rp03,1.0,0.22210517786240988,-0.8140675019849999
CG_RMSD_rp04,1.0,0.6412786815961538,-0.9458610296807162
