Unnamed: 0,CG_RMSD,RMSD,MCQ,TM-score
normalized_alphafold3_rp12_3.pdb,0.7637799723330689,3.181,17.35,0.785
normalized_3drna_rp12_5.pdb,3.080631342669226,29.174,44.88,0.196
normalized_trrosettarna_rp12_3.pdb,0.9880730444194956,19.362,61.13,0.227
normalized_rnacomposer_rp12.pdb,0.9159844770825708,25.771,29.76,0.225
normalized_trrosettarna_rp12_5.pdb,0.9901556920920072,19.381,66.92,0.212
normalized_3drna_rp12.pdb,1.7135989314041538,29.499,36.38,0.196
normalized_trrosettarna_rp12_2.pdb,1.1737857911297178,2.613,39.27,0.863
normalized_3drna_rp12_1.pdb,2.924183117365676,29.436,37.09,0.254
normalized_ifoldrna_rp12_2.pdb,13.06756103592223,48.309,33.06,0.139
normalized_alphafold3_rp12_4.pdb,0.7356791129803889,3.158,17.54,0.787
normalized_alphafold3_rp12_2.pdb,0.7590104909582018,3.139,17.37,0.779
normalized_3drna_rp12_4.pdb,2.967534463068142,28.538,38.2,0.196
normalized_simrna_rp12.pdb,3.499884982049829,102.436,49.09,0.069
normalized_isrna_rp12.pdb,11.456392286372155,45.919,25.21,0.224
normalized_trrosettarna_rp12_4.pdb,0.9884804701199148,19.424,62.51,0.227
normalized_trrosettarna_rp12_1.pdb,1.1796355062852313,2.601,31.21,0.876
normalized_ifoldrna_rp12_4.pdb,13.064102491299307,46.537,29.4,0.132
normalized_3drna_rp12_3.pdb,2.656575622695595,24.642,39.47,0.219
normalized_ifoldrna_rp12_5.pdb,13.078893067273194,49.608,31.29,0.155
normalized_vfoldpipeline_rp12.pdb,11.79908650681935,48.283,35.53,0.166
normalized_rhofold_rp12.pdb,1.1755141544623702,4.58,48.48,0.605
normalized_alphafold3_rp12_5.pdb,0.7201437203511788,3.172,17.54,0.777
normalized_rnajp_rp12.pdb,1.4659136182585806,26.359,26.59,0.209
normalized_ifoldrna_rp12_1.pdb,13.07759115951103,49.783,30.35,0.118
normalized_eprna_rp12.pdb,1.4512157097655616,29.274,95.12,0.156
normalized_alphafold3_rp12_1.pdb,0.6925738276765981,3.228,17.4,0.778
normalized_3drna_rp12_2.pdb,3.0327174667476937,29.474,42.17,0.236
normalized_vfold_rp12.pdb,17.592100753860272,24.924,35.36,0.256
normalized_ifoldrna_rp12_3.pdb,13.076876746181568,48.272,31.55,0.141
