Unnamed: 0,CG_RMSD,RMSD,MCQ,TM-score
normalized_vfold_rp32.pdb,26.04758575204988,22.167,31.0,0.282
normalized_trrosettarna_rp32_4.pdb,0.9661544690188808,11.766,63.41,0.12
normalized_trrosettarna_rp32_3.pdb,1.1378843343713936,6.427,31.26,0.274
normalized_mcsym_rp32_3.pdb,1.3301137954692572,21.961,35.16,0.242
normalized_3drna_rp32_3.pdb,1.3047307676990394,15.815,35.63,0.219
normalized_trrosettarna_rp32_2.pdb,1.1256930503324152,6.313,38.55,0.25
normalized_trrosettarna_rp32_1.pdb,1.1318364120926996,6.362,31.44,0.276
normalized_rnacomposer_rp32.pdb,0.9166042546518964,7.18,25.45,0.238
normalized_3drna_rp32_4.pdb,1.2313005698336923,15.501,32.14,0.257
normalized_3drna_rp32_1.pdb,1.002677534396864,12.805,33.62,0.223
normalized_mcsym_rp32_5.pdb,1.7757417860625366,25.746,39.45,0.275
normalized_isrna_rp32.pdb,16.161088713809544,13.137,26.05,0.249
normalized_eprna_rp32.pdb,2.011041920876844,10.429,92.24,0.141
normalized_mcsym_rp32_4.pdb,1.5787361814285912,27.834,37.24,0.25
normalized_mcsym_rp32_2.pdb,1.4806284151910896,23.298,37.4,0.226
normalized_vfoldpipeline_rp32.pdb,16.77795697315631,6.183,21.01,0.349
normalized_mcsym_rp32_1.pdb,4.178058308991711,27.851,37.02,0.262
normalized_3drna_rp32_5.pdb,1.3164560600620112,7.66,32.86,0.272
normalized_rhofold_rp32.pdb,1.4886769491808811,2.283,45.02,0.483
normalized_3drna_rp32_2.pdb,1.8640038368438148,7.585,32.6,0.289
normalized_trrosettarna_rp32_5.pdb,1.057858392033577,8.926,41.61,0.234
