Unnamed: 0,CG_RMSD,RMSD,MCQ,TM-score
normalized_trrosettarna_rp17_2.pdb,1.3738827660633273,16.383,37.79,0.559
normalized_alphafold3_rp17_5.pdb,1.1768665226637958,21.359,25.08,0.272
normalized_mcsym_rp17_1.pdb,1.2262545766603188,20.69,43.15,0.139
normalized_trrosettarna_rp17_1.pdb,1.376170731478688,16.356,35.2,0.554
normalized_alphafold3_rp17_3.pdb,1.0151372258666025,15.811,24.84,0.264
normalized_ifoldrna_rp17_5.pdb,19.152553475467897,27.009,30.28,0.126
normalized_vfoldpipeline_rp17.pdb,14.136436215784633,30.355,26.68,0.185
normalized_mcsym_rp17_3pdb.pdb,1.4871909138953048,19.581,40.86,0.158
normalized_3drna_rp17.pdb,4.648108120116663,18.234,37.94,0.146
normalized_mcsym_rp17_2.pdb,3.711668545574181,21.768,40.72,0.185
normalized_trrosettarna_rp17_3.pdb,1.369611665119434,16.359,41.28,0.553
normalized_ifoldrna_rp17_3.pdb,19.141329041376885,20.839,31.23,0.14
normalized_3drna_rp17_4.pdb,4.672421282962341,21.701,45.87,0.167
normalized_3drna_rp17_5.pdb,4.683059266617895,23.493,48.46,0.196
normalized_trrosettarna_rp17_5.pdb,1.4249332382566215,19.265,43.45,0.256
normalized_rnajp_rp17.pdb,1.3483673436371215,20.869,29.75,0.157
normalized_isrna_rp17.pdb,13.721478127844046,26.623,28.32,0.211
normalized_rhofold_rp17.pdb,1.0901148394626656,8.464,59.28,0.371
normalized_alphafold3_rp17_2.pdb,1.033616362063274,21.095,25.42,0.271
normalized_trrosettarna_rp17_4.pdb,1.2845116608615186,12.437,41.09,0.549
normalized_vfold_rp17.pdb,24.861857545081943,17.574,32.65,0.138
normalized_mcsym_rp17_5.pdb,1.5299029507014283,20.316,41.73,0.171
normalized_mcsym_rp17_4.pdb,1.2303645049950265,19.81,41.81,0.163
normalized_eprna_rp17.pdb,1.1717975466044448,13.999,98.65,0.14
normalized_3drna_rp17_2.pdb,4.419166211694504,22.865,37.24,0.2
normalized_3drna_rp17_1.pdb,4.433992237647347,20.342,42.13,0.197
normalized_ifoldrna_rp17_1.pdb,19.12525641846673,21.466,32.09,0.191
normalized_3drna_rp17_3.pdb,4.317832385672708,20.571,39.6,0.188
normalized_simrna_rp17.pdb,2.345897113262276,48.904,46.6,0.085
normalized_rnacomposer_rp17.pdb,1.2130349384196852,24.821,30.6,0.193
normalized_alphafold3_rp17_1.pdb,1.1327804705944908,21.147,25.33,0.263
normalized_alphafold3_rp17_4.pdb,1.095424991491532,21.348,25.39,0.27
normalized_ifoldrna_rp17_4.pdb,19.14006974678808,19.43,31.2,0.135
normalized_ifoldrna_rp17_2.pdb,19.124924918315145,21.299,30.68,0.142
