Unnamed: 0,CG_RMSD,RMSD,MCQ,TM-score
normalized_mcsym_rp13_2.pdb,1.1978007104120725,24.092,35.55,0.2
normalized_mcsym_rp13_1.pdb,2.296644630838692,24.621,33.63,0.213
normalized_mcsym_rp13_4.pdb,1.2581548765945565,26.457,37.25,0.215
normalized_eprna_rp13.pdb,1.6806651070103031,19.815,101.69,0.126
normalized_ifoldrna_rp13_2.pdb,18.39922682692366,24.115,28.77,0.22
normalized_ifoldrna_rp13_5.pdb,18.39345455426794,23.436,28.12,0.261
normalized_mcsym_rp13_5.pdb,1.7904885178671934,23.684,33.7,0.274
normalized_isrna_rp13.pdb,13.956536096002145,24.769,19.96,0.236
normalized_alphafold3_rp13_4.pdb,1.347298030234316,20.349,16.57,0.376
normalized_3drna_rp13_1.pdb,6.4473457951487925,20.677,23.5,0.323
normalized_trrosettarna_rp13_4.pdb,1.2004749074459593,18.187,29.12,0.533
normalized_ifoldrna_rp13_3.pdb,18.40752772727374,25.592,26.93,0.243
normalized_trrosettarna_rp13_5.pdb,1.2046844410645197,18.259,26.89,0.521
normalized_3drna_rp13_2.pdb,6.597224816912097,16.185,31.68,0.309
normalized_alphafold3_rp13_1.pdb,1.350182566573941,20.317,16.25,0.379
normalized_ifoldrna_rp13_1.pdb,18.40141358933566,23.482,32.52,0.131
normalized_trrosettarna_rp13_3.pdb,1.1993377545286732,18.143,28.85,0.541
normalized_vfold_rp13.pdb,24.7194696260098,18.194,31.64,0.225
normalized_alphafold3_rp13_2.pdb,1.359785083994679,20.251,16.32,0.385
normalized_rhofold_rp13.pdb,1.4351032443662557,19.383,50.37,0.212
normalized_3drna_rp13_3.pdb,6.472460271709199,19.908,36.95,0.312
normalized_3drna_rp13_4.pdb,6.466465811401302,19.877,30.33,0.309
normalized_alphafold3_rp13_5.pdb,1.3172068160226675,20.126,16.35,0.387
normalized_3drna_rp13.pdb,2.365934472534108,17.95,35.74,0.182
normalized_ifoldrna_rp13_4.pdb,18.398852709982616,24.071,30.01,0.194
normalized_trrosettarna_rp13_2.pdb,1.1996034346447886,18.126,25.63,0.548
normalized_simrna_rp13.pdb,1.2790013227682726,18.023,22.49,0.235
normalized_alphafold3_rp13_3.pdb,1.3728577591628186,19.936,16.28,0.363
normalized_vfoldpipeline_rp13.pdb,14.311216617875024,19.725,26.58,0.213
normalized_mcsym_rp13_3.pdb,1.5138159418003545,23.078,31.38,0.274
normalized_trrosettarna_rp13_1.pdb,1.20006935379342,18.219,26.7,0.546
normalized_3drna_rp13_5.pdb,6.373758164457322,26.524,27.16,0.309
normalized_rnacomposer_rp13.pdb,1.3029455725812475,24.452,23.25,0.323
