Unnamed: 0,CG_RMSD,RMSD,MCQ,TM-score
normalized_3drna_rp07.pdb,2.642493281399515,20.997,24.2,0.266
normalized_3drna_rp07_2.pdb,2.0022684796906365,23.518,25.96,0.314
normalized_3drna_rp07_5.pdb,1.97748085089786,24.624,26.16,0.306
normalized_alphafold3_rp07_1.pdb,2.14115445104906,19.188,16.61,0.421
normalized_rnacomposer_rp07.pdb,1.9407635069185023,27.09,23.36,0.256
normalized_3drna_rp07_3.pdb,2.1405564276679976,25.583,26.61,0.367
normalized_eprna_rp07.pdb,2.964610756938132,44.501,95.51,0.129
normalized_vfoldpipeline_rp07.pdb,6.189713541183651,32.628,19.11,0.426
normalized_alphafold3_rp07_2.pdb,2.054097294089273,19.494,16.51,0.411
normalized_simrna_rp07.pdb,1.3952598158359435,26.865,23.8,0.221
normalized_ifoldrna_rp07_1.pdb,8.743046555941298,75.498,29.81,0.13
normalized_3drna_rp07_4.pdb,2.1866048266753766,24.783,26.44,0.38
normalized_alphafold3_rp07_4.pdb,2.0826331845628725,19.469,16.42,0.415
normalized_trrosettarna_rp07_2.pdb,2.067404391888138,6.087,28.31,0.632
normalized_ifoldrna_rp07_4.pdb,8.742678491716385,75.442,28.98,0.106
normalized_ifoldrna_rp07_2.pdb,8.828350314112349,84.415,29.65,0.114
normalized_trrosettarna_rp07_4.pdb,2.0764266757563843,15.094,36.12,0.46
normalized_ifoldrna_rp07_3.pdb,8.843847693006875,86.59,30.17,0.104
normalized_trrosettarna_rp07_1.pdb,2.066075866550857,6.281,28.69,0.631
normalized_rhofold_rp07.pdb,2.5981167443360653,6.855,50.85,0.584
normalized_ifoldrna_rp07_5.pdb,8.756960046665409,76.63,30.72,0.111
normalized_trrosettarna_rp07_3.pdb,1.9961665892602656,10.291,36.09,0.529
normalized_alphafold3_rp07_5.pdb,2.1200380971873494,20.28,16.52,0.382
normalized_3drna_rp07_1.pdb,2.307854891574192,25.773,22.89,0.329
normalized_alphafold3_rp07_3.pdb,2.062026638549637,19.203,16.52,0.426
normalized_rnajp_rp07.pdb,2.864029631395208,37.167,21.52,0.215
normalized_trrosettarna_rp07_5.pdb,2.013635204602916,17.166,44.28,0.353
