Unnamed: 0,CG_RMSD,RMSD,MCQ,TM-score
normalized_mcsym_rp14_free_4.pdb,2.9866643041149485,13.22,38.21,0.244
normalized_rnacomposer_rp14_free.pdb,1.1396210094647616,14.399,24.14,0.302
normalized_ifoldrna_rp14_free_3.pdb,18.887141734607585,30.548,32.56,0.172
normalized_mcsym_rp14_free_1.pdb,3.513795905791909,15.8,39.6,0.304
normalized_mcsym_rp14_free_3.pdb,4.2347882415394,19.248,35.54,0.227
normalized_isrna_rp14_free.pdb,15.68395174801156,15.444,24.89,0.219
normalized_alphafold3_rp14_free_1.pdb,1.136794064157462,4.28,19.6,0.426
normalized_trrosettarna_rp14_free_3.pdb,0.6959895443429812,2.803,40.22,0.611
normalized_trrosettarna_rp14_free_4.pdb,1.0355318612601596,15.987,61.14,0.199
normalized_ifoldrna_rp14_free_5.pdb,18.859526169902672,23.34,32.49,0.165
normalized_3drna_rp14_free.pdb,0.982892019967884,15.356,36.41,0.307
normalized_trrosettarna_rp14_free_2.pdb,0.6867893542351048,2.661,35.57,0.67
normalized_trrosettarna_rp14_free_1.pdb,0.690870988304135,2.526,31.26,0.662
normalized_alphafold3_rp14_free_4.pdb,1.157775814268235,4.305,20.15,0.41
normalized_vfold_rp14_free.pdb,25.19792996833452,19.278,33.18,0.227
normalized_vfoldpipeline_rp14_free.pdb,15.154473092144622,2.726,22.26,0.626
normalized_3drna_rp14_free_1.pdb,0.2522453053892561,3.767,21.18,0.528
normalized_mcsym_rp14_free_5.pdb,1.0724912012661385,19.014,36.4,0.272
normalized_mcsym_rp14_free_2.pdb,2.093098493560512,17.28,37.61,0.268
normalized_alphafold3_rp14_free_2.pdb,1.1563499907919976,3.838,19.15,0.478
normalized_ifoldrna_rp14_free_2.pdb,18.878224695082142,31.269,33.02,0.192
normalized_3drna_rp14_free_3.pdb,1.1424966207990863,15.217,24.6,0.377
normalized_3drna_rp14_free_2.pdb,1.110899101332947,14.861,24.28,0.383
normalized_3drna_rp14_free_4.pdb,1.0679012999995503,14.753,21.73,0.363
normalized_rhofold_rp14_free.pdb,1.3837800750328653,15.42,50.77,0.261
normalized_alphafold3_rp14_free_3.pdb,1.0858903290158373,4.539,19.61,0.423
normalized_simrna_rp14_free.pdb,1.398852245322617,9.65,25.32,0.279
normalized_rnajp_rp14_free.pdb,1.308915060749776,15.37,23.34,0.228
normalized_ifoldrna_rp14_free_1.pdb,18.870941444629064,30.746,31.43,0.202
normalized_3drna_rp14_free_5.pdb,1.1140013593965916,14.873,26.06,0.385
normalized_alphafold3_rp14_free_5.pdb,1.1609534818289602,4.665,19.44,0.41
normalized_trrosettarna_rp14_free_5.pdb,1.021378972968623,15.977,59.19,0.172
normalized_eprna_rp14_free.pdb,1.592387720521785,21.81,85.86,0.12
normalized_ifoldrna_rp14_free_4.pdb,18.87632713976912,30.341,33.24,0.142
